# Name,   Type, SubType, Offset,  Size, Flags
# Note: Firmware partition offset needs to be 64K aligned, initial 36K (9 sectors) are reserved for bootloader and partition table
esp_secure_cert,  0x3F, ,0xd000,     0x2000, encrypted
nvs,       data, nvs,     0x10000,   0xC000,
nvs_keys, data, nvs_keys, ,          0x1000, encrypted
phy_init,  data, phy,     ,          0x1000,
ota_0,    app, ota_0,     ,          0x1C0000,
ota_1,    app, ota_1,     ,          0x1C0000,
ot_storage,data, fat,     ,          0x2000,
