<?xml version="1.0"?>
<!--
Copyright (c) 2021 Project CHIP Authors

Licensed under the Apache License, Version 2.0 (the "License");
you may not use this file except in compliance with the License.
You may obtain a copy of the License at

    http://www.apache.org/licenses/LICENSE-2.0

Unless required by applicable law or agreed to in writing, software
distributed under the License is distributed on an "AS IS" BASIS,
WITHOUT WARRANTIES OR CONDITIONS OF ANY KIND, either express or implied.
See the License for the specific language governing permissions and
limitations under the License.
-->
<configurator>
  <domain name="CHIP"/>
  <cluster>
    <domain>Media</domain>
    <name>Application Basic</name>
    <code>0x050d</code>
    <define>APPLICATION_BASIC_CLUSTER</define>
    <client init="false" tick="false">true</client>
    <server init="false" tick="false">true</server>
    <description>This cluster provides information about an application running on a TV or media player device which is represented as an endpoint.</description>
    <attribute side="server" code="0x0000" define="APPLICATION_VENDOR_NAME" type="CHAR_STRING" length="32" writable="false" optional="false">vendor name</attribute>
    <attribute side="server" code="0x0001" define="APPLICATION_VENDOR_ID" type="INT16U" min="0x0000" max="0xFFFF" writable="false" optional="false">vendor id</attribute>
    <attribute side="server" code="0x0002" define="APPLICATION_NAME" type="CHAR_STRING" length="32" writable="false" optional="false">application name</attribute>
    <attribute side="server" code="0x0003" define="APPLICATION_PRODUCT_ID" type="INT16U" min="0x0000" max="0xFFFF" writable="false" optional="false">product id</attribute>
    <attribute side="server" code="0x0005" define="APPLICATION_ID" type="CHAR_STRING" length="32" writable="false" optional="false">application id</attribute>
    <attribute side="server" code="0x0006" define="CATALOG_VENDOR_ID" type="INT16U" min="0x0000" max="0xFFFF" writable="false" optional="false">catalog vendor id</attribute>
    <attribute side="server" code="0x0007" define="APPLICATION_STATUS" type="ENUM8" min="0x00" max="0xFF" default="0x01" writable="false" optional="false">application status</attribute>

    <command source="client" code="0x00" name="ChangeStatus" optional="false">
      <description>Upon receipt, this SHALL change the running status of the application.</description>
      <arg name="status" type="ApplicationBasicStatus"/>
    </command>
  </cluster>

  <enum name="ApplicationBasicStatus" type="ENUM8">
    <item name="Stopped" value="0x00"/>
    <item name="ActiveVisibleFocus" value="0x01"/>
    <item name="ActiveHidden" value="0x02"/>
    <item name="ActiveVisibleNotFocus" value="0x03"/>
  </enum>
</configurator>
