<?xml version="1.0"?>
<!--
Copyright (c) 2021 Project CHIP Authors

Licensed under the Apache License, Version 2.0 (the "License");
you may not use this file except in compliance with the License.
You may obtain a copy of the License at

    http://www.apache.org/licenses/LICENSE-2.0

Unless required by applicable law or agreed to in writing, software
distributed under the License is distributed on an "AS IS" BASIS,
WITHOUT WARRANTIES OR CONDITIONS OF ANY KIND, either express or implied.
See the License for the specific language governing permissions and
limitations under the License.
-->
<configurator>
  <domain name="CHIP"/>
  <cluster>
    <domain>Media</domain>
    <name>Application Launcher</name>
    <code>0x050c</code>
    <define>APPLICATION_LAUNCHER_CLUSTER</define>
    <client init="false" tick="false">true</client>
    <server init="false" tick="false">true</server>
    <description>This cluster provides an interface for launching content on a media player device such as a TV or Speaker.</description>

    <attribute side="server" code="0x0000" define="APPLICATION_LAUNCHER_LIST" type="ARRAY" entryType="INT16U" length="254" writable="false" optional="false">application launcher list</attribute>
    <!-- TODO: Convert this to struct once it is supported -->
    <attribute side="server" code="0x0001" define="APPLICATION_LAUNCHER_CURRENT_APP_CATALOG_VENDOR_ID" type="INT8U" min="0x00" max="0xFF" writable="false" default="0x00" optional="true">catalog vendor id</attribute>
    <attribute side="server" code="0x0002" define="APPLICATION_LAUNCHER_CURRENT_APP_APPLICATION_ID" type="INT8U" min="0x00" max="0xFF" writable="false" default="0x00" optional="true">application id</attribute>

    <command source="client" code="0x00" name="LaunchApp" optional="false">
      <description>Upon receipt, this SHALL launch the specified app with optional data. The TV Device SHALL launch and bring to foreground the identified application in the command if the application is not already launched and in foreground. The TV Device SHALL update state attribute on the Application Basic cluster of the Endpoint corresponding to the launched application. This command returns a Launch Response.</description>
      <arg name="data" type="CHAR_STRING"/>
      <!-- TODO: Convert this to struct once it is supported -->
      <arg name="catalogVendorId" type="INT16U"/>
      <arg name="applicationId" type="CHAR_STRING"/>
    </command>

    <command source="server" code="0x00" name="LaunchAppResponse" optional="false">
      <description>This command SHALL be generated in response to LaunchApp commands.</description>
      <arg name="status" type="ApplicationLauncherStatus"/>
      <arg name="data" type="CHAR_STRING"/>
    </command>

  </cluster>
      
  <struct name="ApplicationLauncherApp">
    <item name="catalogVendorId" type="INT16U"/>
    <item name="applicationId" type="CHAR_STRING"/>
  </struct>

  <enum name="ApplicationLauncherStatus" type="ENUM8">
    <item name="Success" value="0x00"/>
    <item name="AppNotAvailable" value="0x01"/>
    <item name="SystemBusy" value="0x02"/>
  </enum>
</configurator>
