<?xml version="1.0"?>
<!--
Copyright (c) 2020 Project CHIP Authors

Licensed under the Apache License, Version 2.0 (the "License");
you may not use this file except in compliance with the License.
You may obtain a copy of the License at

    http://www.apache.org/licenses/LICENSE-2.0

Unless required by applicable law or agreed to in writing, software
distributed under the License is distributed on an "AS IS" BASIS,
WITHOUT WARRANTIES OR CONDITIONS OF ANY KIND, either express or implied.
See the License for the specific language governing permissions and
limitations under the License.
-->
<configurator>
  <domain name="CHIP"/>
  <cluster>
    <domain>General</domain>
    <name>Binding</name>
    <code>0xF000</code>
    <define>BINDING_CLUSTER</define>
    <client init="false" tick="false">true</client>
    <server init="false" tick="false">true</server>
    <description>The Binding Cluster is meant to replace the support from the Zigbee Device Object (ZDO) for supporting the binding table.</description>
    <command source="client" code="0x00" name="Bind" optional="false">
      <description>Add a binding</description>
      <arg name="nodeId" type="NODE_ID"/>
      <arg name="groupId" type="GROUP_ID"/>
      <arg name="endpointId" type="ENDPOINT_NO"/>
      <arg name="clusterId" type="CLUSTER_ID"/>
    </command>
    <command source="client" code="0x01" name="Unbind" optional="false">
      <description>Remove a binding</description>
      <arg name="nodeId" type="NODE_ID"/>
      <arg name="groupId" type="GROUP_ID"/>
      <arg name="endpointId" type="ENDPOINT_NO"/>
      <arg name="clusterId" type="CLUSTER_ID"/>
    </command>
  </cluster>
</configurator>
