<?xml version="1.0"?>
<!--
Copyright (c) 2021 Project CHIP Authors

Licensed under the Apache License, Version 2.0 (the "License");
you may not use this file except in compliance with the License.
You may obtain a copy of the License at

    http://www.apache.org/licenses/LICENSE-2.0

Unless required by applicable law or agreed to in writing, software
distributed under the License is distributed on an "AS IS" BASIS,
WITHOUT WARRANTIES OR CONDITIONS OF ANY KIND, either express or implied.
See the License for the specific language governing permissions and
limitations under the License.
-->
<configurator>
    <domain name="CHIP" spec="chip-0.7" dependsOn="zcl-1.0-07-5123-03" certifiable="true"/>
    <enum name="OTAQueryStatus" type="ENUM8">
        <item name="UpdateAvailable" value="0x0"/>
        <item name="Busy" value="0x1"/>
        <item name="NotAvailable" value="0x2"/>
    </enum>
    <enum name="OTAApplyUpdateAction" type="ENUM8">
        <item name="Proceed" value="0x0"/>
        <item name="AwaitNextAction" value="0x1"/>
        <item name="Discontinue" value="0x2"/>
    </enum>
    <enum name="OTADownloadProtocol" type="ENUM8">
        <item name="BDXSynchronous" value="0x0"/>
        <item name="BDXAsynchronous" value="0x1"/>
        <item name="HTTPS" value="0x2"/>
        <item name="VendorSpecific" value="0x3"/>
    </enum>
    <cluster>
        <name>OTA Software Update Provider</name>
        <domain>CHIP</domain>
        <description></description>
        <code>0x0029</code>
        <define>OTA_PROVIDER_CLUSTER</define>
        <client tick="false" init="false">true</client>
        <server tick="false" init="false">true</server>
        <command source="client" code="0x00" name="QueryImage" optional="false" cli="chip ota queryimage">
            <description>Determine availability of a new Software Image</description>
            <arg name="vendorId" type="INT16U"/>
            <arg name="productId" type="INT16U"/>
            <arg name="imageType" type="INT16U"/>
            <arg name="hardwareVersion" type="INT16U"/>
            <arg name="currentVersion" type="INT32U"/>
            <arg name="protocolsSupported" type="OTADownloadProtocol" array="true"/>
            <arg name="location" type="CHAR_STRING" length="2"/>
            <arg name="requestorCanConsent" type="BOOLEAN"/>
            <arg name="metadataForProvider" type="OCTET_STRING" length="512"/>
        </command>
        <command source="client" code="0x01" name="ApplyUpdateRequest" optional="false" cli="chip ota applyupdaterequest">
            <description>Determine next action to take for a new Software Image</description>
            <arg name="updateToken" type="OCTET_STRING" length="32"/>
            <arg name="newVersion" type="INT32U"/>
        </command>
        <command source="client" code="0x02" name="NotifyUpdateApplied" optional="false" cli="chip ota notifyupdateapplied">
            <description>Notify OTA Provider that an update was applied</description>
            <arg name="updateToken" type="OCTET_STRING" length="32"/>
            <arg name="currentVersion" type="INT32U"/>
        </command>
        <command source="server" code="0x03" name="QueryImageResponse" optional="false" cli="chip ota queryimageresponse">
            <description>Response to QueryImage command</description>
            <arg name="status" type="OTAQueryStatus"/>
            <arg name="delayedActionTime" type="INT32U"/>
            <arg name="imageURI" type="CHAR_STRING"/>
            <arg name="softwareVersion" type="INT32U"/>
            <arg name="updateToken" type="OCTET_STRING" length="32"/>
            <arg name="userConsentNeeded" type="BOOLEAN" default="false"/>
            <arg name="metadataForRequestor" type="OCTET_STRING" length="512"/>
        </command>
        <command source="server" code="0x04" name="ApplyUpdateRequestResponse" optional="false" cli="chip ota applyupdaterequestresponse">
            <description>Reponse to ApplyUpdateRequest command</description>
            <arg name="action" type="OTAApplyUpdateAction"/>
            <arg name="delayedActionTime" type="INT32U"/>
        </command>
    </cluster>
    <enum name="OTAAnnouncementReason" type="ENUM8">
        <item name="SimpleAnnouncement" value="0x0"/>
        <item name="UpdateAvailable" value="0x1"/>
        <item name="CriticalUpdateAvailable" value="0x2"/>
    </enum>
    <cluster>
        <name>OTA Software Update Requestor</name>
        <domain>CHIP</domain>
        <description>TODO</description>
        <code>0x002a</code>
        <define>OTA_REQUESTOR_CLUSTER</define>
        <client tick="false" init="false">true</client>
        <server tick="false" init="false">true</server>
        <attribute side="client" code="0" define="DEFAULT_OTA_PROVIDER" type="OCTET_STRING" length="16" writable="true" optional="false" default="0">default ota provider</attribute>
        <attribute side="client" code="1" define="UPDATE_POSSIBLE" type="BOOLEAN" length="32" writable="false" optional="false" default="true">update possible</attribute>
        <command source="client" code="0" name="AnnounceOtaProvider" optional="true" cli="chip ota announceotaprovider">
            <description>Notify OTA Provider that an update was applied</description>
            <arg name="serverLocation" type="OCTET_STRING" length="16"/>
            <arg name="vendorId" type="INT16U"/>
            <arg name="announcementReason" type="OTAAnnouncementReason"/>
            <arg name="metadataForNode" type="OCTET_STRING" length="512" optional="true"/>
        </command>
    </cluster>
</configurator>
