<?xml version="1.0"?>
<!--
Copyright (c) 2021 Project CHIP Authors

Licensed under the Apache License, Version 2.0 (the "License");
you may not use this file except in compliance with the License.
You may obtain a copy of the License at

    http://www.apache.org/licenses/LICENSE-2.0

Unless required by applicable law or agreed to in writing, software
distributed under the License is distributed on an "AS IS" BASIS,
WITHOUT WARRANTIES OR CONDITIONS OF ANY KIND, either express or implied.
See the License for the specific language governing permissions and
limitations under the License.
-->
<configurator>
    <domain name="CHIP" spec="chip-0.7" dependsOn="zcl-1.0-07-5123-03" certifiable="true"/>
    <enum name="NetworkCommissioningError" type="ENUM8">
        <item name="Success" value="0x0"/>
        <item name="OutOfRange" value="0x1"/>
        <item name="BoundsExceeded" value="0x2"/>
        <item name="NetworkIDNotFound" value="0x3"/>
        <item name="DuplicateNetworkID" value="0x4"/>
        <item name="NetworkNotFound" value="0x5"/>
        <item name="RegulatoryError" value="0x6"/>
        <item name="AuthFailure" value="0x7"/>
        <item name="UnsupportedSecurity" value="0x8"/>
        <item name="OtherConnectionFailure" value="0x9"/>
        <item name="IPV6Failed" value="0xa"/>
        <item name="IPBindFailed" value="0xb"/>
        <item name="Label9" value="0xc"/>
        <item name="Label10" value="0xd"/>
        <item name="Label11" value="0xe"/>
        <item name="Label12" value="0xf"/>
        <item name="Label13" value="0x10"/>
        <item name="Label14" value="0x11"/>
        <item name="Label15" value="0x12"/>
        <item name="UnknownError" value="0x13"/>
    </enum>
    <bitmap name="SecurityType" type="BITMAP8">
        <field name="Unencrypted" mask="0x1"/>
        <field name="WEP-PERSONAL" mask="0x2"/>
        <field name="WPA-PERSONAL" mask="0x4"/>
        <field name="WPA2-PERSONAL" mask="0x8"/>
        <field name="WPA3-PERSONAL" mask="0x10"/>
    </bitmap>
    <struct name="WiFiInterfaceScanResult">
        <item name="Security" type="BITMAP8"/>
        <item name="SSID" type="OCTET_STRING"/>
        <item name="BSSID" type="OCTET_STRING"/>
        <item name="Channel" type="INT8U"/>
        <item name="FrequencyBand" type="INT32U"/>
    </struct>
    <struct name="ThreadInterfaceScanResult">
        <item name="DiscoveryResponse" type="OCTET_STRING"/>
    </struct>
    <cluster>
        <name>Network Commissioning</name>
        <domain>CHIP</domain>
        <description>TODO</description>
        <code>0x0031</code>
        <define>NETWORK_COMMISSIONING_CLUSTER</define>
        <client tick="false" init="false">true</client>
        <server tick="false" init="false">true</server>
        <command source="client" code="0x00" name="ScanNetworks" optional="false" cli="chip network_commissioning scannetworks">
            <description>TODO</description>
            <arg name="ssid" type="OCTET_STRING"/>
            <arg name="breadcrumb" type="INT64U"/>
            <arg name="timeoutMs" type="INT32U"/>
        </command>
        <command source="server" code="0x01" name="ScanNetworksResponse" optional="false" cli="chip network_commissioning scannetworksresponse">
            <description>TODO</description>
            <arg name="errorCode" type="INT8U"/>
            <arg name="debugText" type="CHAR_STRING"/>
            <arg name="wifiScanResults" type="WiFiInterfaceScanResult" array="true"/>
            <arg name="threadScanResults" type="ThreadInterfaceScanResult" array="true"/>
        </command>
        <command source="client" code="0x02" name="AddWiFiNetwork" optional="true" cli="chip network_commissioning addwifinetwork">
            <description>TODO</description>
            <arg name="ssid" type="OCTET_STRING"/>
            <arg name="credentials" type="OCTET_STRING"/>
            <arg name="breadcrumb" type="INT64U"/>
            <arg name="timeoutMs" type="INT32U"/>
        </command>
        <command source="server" code="0x03" name="AddWiFiNetworkResponse" optional="true" cli="chip network_commissioning addwifiresponse">
            <description>TODO</description>
            <arg name="errorCode" type="INT8U"/>
            <arg name="debugText" type="CHAR_STRING"/>
        </command>
        <command source="client" code="0x04" name="UpdateWiFiNetwork" optional="true" cli="chip network_commissioning updatewifinetwork">
            <description>TODO</description>
            <arg name="ssid" type="OCTET_STRING"/>
            <arg name="credentials" type="OCTET_STRING"/>
            <arg name="breadcrumb" type="INT64U"/>
            <arg name="timeoutMs" type="INT32U"/>
        </command>
        <command source="server" code="0x05" name="UpdateWiFiNetworkResponse" optional="true" cli="chip network_commissioning updatewifiresponse">
            <description>TODO</description>
            <arg name="errorCode" type="INT8U"/>
            <arg name="debugText" type="CHAR_STRING"/>
        </command>
        <command source="client" code="0x06" name="AddThreadNetwork" optional="true" cli="chip network_commissioning addthreadnetwork">
            <description>TODO</description>
            <arg name="operationalDataset" type="OCTET_STRING"/>
            <arg name="breadcrumb" type="INT64U"/>
            <arg name="timeoutMs" type="INT32U"/>
        </command>
        <command source="server" code="0x07" name="AddThreadNetworkResponse" optional="true" cli="chip network_commissioning addthreadnetworkresponse">
            <description>TODO</description>
            <arg name="errorCode" type="INT8U"/>
            <arg name="debugText" type="CHAR_STRING"/>
        </command>
        <command source="client" code="0x08" name="UpdateThreadNetwork" optional="true" cli="chip network_commissioning updatethreadnetwork">
            <description>TODO</description>
            <arg name="operationalDataset" type="OCTET_STRING"/>
            <arg name="breadcrumb" type="INT64U"/>
            <arg name="timeoutMs" type="INT32U"/>
        </command>
        <command source="server" code="0x09" name="UpdateThreadNetworkResponse" optional="true" cli="chip network_commissioning updatethreadnetworkresponse">
            <description>TODO</description>
            <arg name="errorCode" type="INT8U"/>
            <arg name="debugText" type="CHAR_STRING"/>
        </command>
        <command source="client" code="0x0a" name="RemoveNetwork" optional="false" cli="chip network_commissioning removenetwork">
            <description>TODO</description>
            <arg name="NetworkID" type="OCTET_STRING"/>
            <arg name="Breadcrumb" type="INT64U"/>
            <arg name="TimeoutMs" type="INT32U"/>
        </command>
        <command source="server" code="0x0b" name="RemoveNetworkResponse" optional="false" cli="chip network_commissioning removenetworkresponse">
            <description>TODO</description>
            <arg name="errorCode" type="INT8U"/>
            <arg name="debugText" type="CHAR_STRING"/>
        </command>
        <command source="client" code="0x0c" name="EnableNetwork" optional="false" cli="chip network_commissioning enablenetwork">
            <description>TODO</description>
            <arg name="networkID" type="OCTET_STRING"/>
            <arg name="breadcrumb" type="INT64U"/>
            <arg name="timeoutMs" type="INT32U"/>
        </command>
        <command source="server" code="0x0d" name="EnableNetworkResponse" optional="false" cli="chip network_commissioning enablenetworkresponse">
            <description>TODO</description>
            <arg name="errorCode" type="INT8U"/>
            <arg name="debugText" type="CHAR_STRING"/>
        </command>
        <command source="client" code="0x0e" name="DisableNetwork" optional="false" cli="chip network_commissioning disablenetwork">
            <description>TODO</description>
            <arg name="networkID" type="OCTET_STRING"/>
            <arg name="breadcrumb" type="INT64U"/>
            <arg name="timeoutMs" type="INT32U"/>
        </command>
        <command source="server" code="0x0f" name="DisableNetworkResponse" optional="false" cli="chip network_commissioning disablenetworkresponse">
            <description>TODO</description>
            <arg name="errorCode" type="INT8U"/>
            <arg name="debugText" type="CHAR_STRING"/>
        </command>
        <command source="client" code="0x10" name="GetLastNetworkCommissioningResult" optional="false" cli="chip network_commissioning getlastnetworkcommissioningresult">
            <description>TODO</description>
            <arg name="timeoutMs" type="INT32U"/>
        </command>
    </cluster>
</configurator>
