<?xml version="1.0"?>
<!--
Copyright (c) 2021 Project CHIP Authors

Licensed under the Apache License, Version 2.0 (the "License");
you may not use this file except in compliance with the License.
You may obtain a copy of the License at

    http://www.apache.org/licenses/LICENSE-2.0

Unless required by applicable law or agreed to in writing, software
distributed under the License is distributed on an "AS IS" BASIS,
WITHOUT WARRANTIES OR CONDITIONS OF ANY KIND, either express or implied.
See the License for the specific language governing permissions and
limitations under the License.
-->
<configurator>
  <domain name="CHIP"/>

  <struct name="DeviceType">
    <item name="type" type="DEVTYPE_ID"/>
    <item name="revision" type="INT16U"/>
  </struct>

  <cluster>
    <domain>General</domain>
    <name>Descriptor</name>
    <code>0x001d</code>
    <define>DESCRIPTOR_CLUSTER</define>
    <description>The Descriptor Cluster is meant to replace the support from the Zigbee Device Object (ZDO) for describing a node, its endpoints and clusters.</description>
    <attribute side="server" code="0x0000" define="DEVICE_LIST" type="ARRAY" entryType="DeviceType" length="254" writable="false" optional="false">device list</attribute>
    <attribute side="server" code="0x0001" define="SERVER_LIST" type="ARRAY" entryType="CLUSTER_ID" length="254" writable="false" optional="false">server list</attribute>
    <attribute side="server" code="0x0002" define="CLIENT_LIST" type="ARRAY" entryType="CLUSTER_ID" length="254" writable="false" optional="false">client list</attribute>
    <attribute side="server" code="0x0003" define="PARTS_LIST" type="ARRAY" entryType="ENDPOINT_NO" length="254" writable="false" optional="false">parts list</attribute>
  </cluster>
</configurator>
