<?xml version="1.0"?>
<!--
Copyright (c) 2021 Project CHIP Authors

Licensed under the Apache License, Version 2.0 (the "License");
you may not use this file except in compliance with the License.
You may obtain a copy of the License at

    http://www.apache.org/licenses/LICENSE-2.0

Unless required by applicable law or agreed to in writing, software
distributed under the License is distributed on an "AS IS" BASIS,
WITHOUT WARRANTIES OR CONDITIONS OF ANY KIND, either express or implied.
See the License for the specific language governing permissions and
limitations under the License.
-->
<configurator>
  <domain name="CHIP"/>

  <struct name="GroupState">
    <item name="VendorId" type="INT16U"/>
    <item name="VendorGroupId" type="INT16U"/>
    <item name="GroupKeySetIndex" type="INT16U"/>
  </struct>

  <struct name="GroupKey">
    <item name="VendorId" type="INT16U"/>
    <item name="GroupKeyIndex" type="INT16U"/>
    <item name="GroupKeyRoot" type="OCTET_STRING" length="16"/>
    <item name="GroupKeyEpochStartTime" type="INT64U"/>
    <item name="GroupKeySecurityPolicy" type="GroupKeySecurityPolicy"/>
  </struct>

  <enum name="GroupKeySecurityPolicy" type="ENUM8">
    <item name="Standard" value="0x00"/>
    <item name="LowLatency" value="0x01"/>
  </enum>

  <cluster>
    <domain>General</domain>
    <name>Group Key Management</name>
    <code>0xF004</code>
    <define>GROUP_KEY_MANAGEMENT_CLUSTER</define>
    <description>The Group Key Management Cluster is the mechanism by which group keys are managed.</description>
    <attribute side="server" code="0x0000" define="GROUPS" type="ARRAY" entryType="GroupState" length="254" writable="false" optional="false">groups</attribute>
    <attribute side="server" code="0x0001" define="GROUPKEYS" type="ARRAY" entryType="GroupKey" length="254" writable="false" optional="false">group keys</attribute>
  </cluster>
</configurator>
