<?xml version="1.0"?>
<!--
Copyright (c) 2021 Project CHIP Authors

Licensed under the Apache License, Version 2.0 (the "License");
you may not use this file except in compliance with the License.
You may obtain a copy of the License at

    http://www.apache.org/licenses/LICENSE-2.0

Unless required by applicable law or agreed to in writing, software
distributed under the License is distributed on an "AS IS" BASIS,
WITHOUT WARRANTIES OR CONDITIONS OF ANY KIND, either express or implied.
See the License for the specific language governing permissions and
limitations under the License.
-->
<configurator>
  <domain name="CHIP"/>
  <cluster>
    <domain>Media</domain>
    <name>Media Playback</name>
    <code>0x0506</code>
    <define>MEDIA_PLAYBACK_CLUSTER</define>
    <client init="false" tick="false">true</client>
    <server init="false" tick="false">true</server>
    <!-- TODO: Add feature map once it is supported -->
    <description>This cluster provides an interface for controlling Media Playback (PLAY, PAUSE, etc) on a media device such as a TV or Speaker.</description>

    <attribute side="server" code="0x0000" define="MEDIA_PLAYBACK_STATE" type="ENUM8" min="0x00" max="0x02" writable="false" default="0x00" optional="true">playback state</attribute>
    <attribute side="server" code="0x0001" define="MEDIA_PLAYBACK_START_TIME" type="INT64U" min="0x00"  writable="false" default="0xFF" optional="true">start time</attribute>
    <attribute side="server" code="0x0002" define="MEDIA_PLAYBACK_DURATION" type="INT64U" min="0x00"  writable="false" optional="true">duration</attribute>
    <attribute side="server" code="0x0003" define="MEDIA_PLAYBACK_PLAYBACK_POSITION_UPDATED_AT" type="INT64U" min="0x00"  writable="false" optional="true">updated at</attribute>
    <attribute side="server" code="0x0004" define="MEDIA_PLAYBACK_PLAYBACK_POSITION" type="INT64U" min="0x00"  writable="false" optional="true">posistion</attribute>
    <!-- TODO: Convert to single once it is supported -->
    <attribute side="server" code="0x0005" define="MEDIA_PLAYBACK_PLAYBACK_SPEED" type="INT64U" min="0x00"  writable="false" optional="true">playback speed</attribute>
    <attribute side="server" code="0x0006" define="MEDIA_PLAYBACK_PLAYBACK_SEEK_RANGE_END" type="INT64U" min="0x00"  writable="false" optional="true">seek range end</attribute>
    <attribute side="server" code="0x0007" define="MEDIA_PLAYBACK_PLAYBACK_SEEK_RANGE_START" type="INT64U" min="0x00"  writable="false" optional="true">seek range start</attribute>


    <command source="client" code="0x00" name="MediaPlay" optional="false">
      <description>Upon receipt, this SHALL play media.</description>
    </command>

    <command source="client" code="0x01" name="MediaPause" optional="false">
      <description>Upon receipt, this SHALL pause media.</description>
    </command>

    <command source="client" code="0x02" name="MediaStop" optional="false">
      <description>Upon receipt, this SHALL stop media. User experience is context-specific. This will often navigate the user back to the location where media was originally launched.</description>
    </command>

    <command source="client" code="0x03" name="MediaStartOver" optional="false">
      <description>Upon receipt, this SHALL Start Over with the current media playback item.</description>
    </command>

    <command source="client" code="0x04" name="MediaPrevious" optional="false">
      <description>Upon receipt, this SHALL cause the handler to be invoked for "Previous". User experience is context-specific. This will often Go back to the previous media playback item.</description>
    </command>

    <command source="client" code="0x05" name="MediaNext" optional="false">
      <description>Upon receipt, this SHALL cause the handler to be invoked for "Next". User experience is context-specific. This will often Go forward to the next media playback item.</description>
    </command>

    <command source="client" code="0x06" name="MediaRewind" optional="false">
      <description>Upon receipt, this SHALL Rewind through media. Different Rewind speeds can be used on the TV based upon the number of sequential calls to this function. This is to avoid needing to define every speed now (multiple fast, slow motion, etc).</description>
    </command>

    <command source="client" code="0x07" name="MediaFastForward" optional="false">
      <description>Upon receipt, this SHALL Advance through media. Different FF speeds can be used on the TV based upon the number of sequential calls to this function. This is to avoid needing to define every speed now (multiple fast, slow motion, etc).</description>
    </command>

    <command source="client" code="0x08" name="MediaSkipForward" optional="false">
      <description>Upon receipt, this SHALL Skip forward in the media by the given number of seconds, using the data as follows:</description>
      <arg name="deltaPositionMilliseconds" type="INT64U"/>
    </command>

    <command source="client" code="0x09" name="MediaSkipBackward" optional="false">
      <description>Upon receipt, this SHALL Skip backward in the media by the given number of seconds, using the data as follows:</description>
      <arg name="deltaPositionMilliseconds" type="INT64U"/>
    </command>

    <command source="client" code="0x0A" name="MediaSeek" optional="false">
      <description>Upon receipt, this SHALL Skip backward in the media by the given number of seconds, using the data as follows:</description>
      <arg name="position" type="INT64U"/>
    </command>

    <command source="server" code="0x00" name="MediaPlayResponse" optional="false" disableDefaultResponse="true">
      <description>Upon receipt, this SHALL play media.</description>
      <arg name="mediaPlaybackStatus" type="MediaPlaybackStatus"/>
    </command>

    <command source="server" code="0x01" name="MediaPauseResponse" optional="false" disableDefaultResponse="true">
      <description>Upon receipt, this SHALL pause media.</description>
      <arg name="mediaPlaybackStatus" type="MediaPlaybackStatus"/>
    </command>

    <command source="server" code="0x02" name="MediaStopResponse" optional="false" disableDefaultResponse="true">
      <description>Upon receipt, this SHALL stop media. User experience is context-specific. This will often navigate the user back to the location where media was originally launched.</description>
      <arg name="mediaPlaybackStatus" type="MediaPlaybackStatus"/>
    </command>

    <command source="server" code="0x03" name="MediaStartOverResponse" optional="false" disableDefaultResponse="true">
      <description>Upon receipt, this SHALL Start Over with the current media playback item.</description>
      <arg name="mediaPlaybackStatus" type="MediaPlaybackStatus"/>
    </command>

    <command source="server" code="0x04" name="MediaPreviousResponse" optional="false" disableDefaultResponse="true">
      <description>Upon receipt, this SHALL cause the handler to be invoked for "Previous". User experience is context-specific. This will often Go back to the previous media playback item.</description>
      <arg name="mediaPlaybackStatus" type="MediaPlaybackStatus"/>
    </command>

    <command source="server" code="0x05" name="MediaNextResponse" optional="false" disableDefaultResponse="true">
      <description>Upon receipt, this SHALL cause the handler to be invoked for "Next". User experience is context-specific. This will often Go forward to the next media playback item.</description>
      <arg name="mediaPlaybackStatus" type="MediaPlaybackStatus"/>
    </command>

    <command source="server" code="0x06" name="MediaRewindResponse" optional="false" disableDefaultResponse="true">
      <description>Upon receipt, this SHALL Rewind through media. Different Rewind speeds can be used on the TV based upon the number of sequential calls to this function. This is to avoid needing to define every speed now (multiple fast, slow motion, etc).</description>
      <arg name="mediaPlaybackStatus" type="MediaPlaybackStatus"/>
    </command>

    <command source="server" code="0x07" name="MediaFastForwardResponse" optional="false" disableDefaultResponse="true">
      <description>Upon receipt, this SHALL Advance through media. Different FF speeds can be used on the TV based upon the number of sequential calls to this function. This is to avoid needing to define every speed now (multiple fast, slow motion, etc).</description>
      <arg name="mediaPlaybackStatus" type="MediaPlaybackStatus"/>
    </command>

    <command source="server" code="0x08" name="MediaSkipForwardResponse" optional="false" disableDefaultResponse="true">
      <description>Upon receipt, this SHALL Skip forward in the media by the given number of seconds, using the data as follows:</description>
      <arg name="mediaPlaybackStatus" type="MediaPlaybackStatus"/>
    </command>

    <command source="server" code="0x09" name="MediaSkipBackwardResponse" optional="false" disableDefaultResponse="true">
      <description>Upon receipt, this SHALL Skip backward in the media by the given number of seconds, using the data as follows:</description>
      <arg name="mediaPlaybackStatus" type="MediaPlaybackStatus"/>
    </command>

    <command source="server" code="0x0B" name="MediaSeekResponse" optional="false" disableDefaultResponse="true">
      <description>Upon receipt, this SHALL change the playback position in the media to the given position using data as follows:</description>
      <arg name="mediaPlaybackStatus" type="MediaPlaybackStatus"/>
    </command>

  </cluster>

  <struct name="MediaPlaybackPosition">
    <item name="updatedAt" type="INT64U"/>
    <item name="position" type="INT64U"/>    
  </struct>

  <enum name="MediaPlaybackState" type="ENUM8">
    <item name="Playing" value="0x00"/>
    <item name="Paused" value="0x01"/>
    <item name="NotPlaying" value="0x02"/>
    <item name="Buffering" value="0x03"/>
  </enum>

  <enum name="MediaPlaybackStatus" type="ENUM8">
    <item name="Success" value="0x00"/>
    <item name="InvalidStateForCommand" value="0x01"/>
    <item name="NotAllowed" value="0x02"/>
    <item name="NotActive" value="0x03"/>
    <item name="SpeedOutOfRange" value="0x04"/>
    <item name="SeekOutOfRange" value="0x05"/>
  </enum>
</configurator>