<?xml version="1.0"?>
<!--
Copyright (c) 2021 Project CHIP Authors

Licensed under the Apache License, Version 2.0 (the "License");
you may not use this file except in compliance with the License.
You may obtain a copy of the License at

    http://www.apache.org/licenses/LICENSE-2.0

Unless required by applicable law or agreed to in writing, software
distributed under the License is distributed on an "AS IS" BASIS,
WITHOUT WARRANTIES OR CONDITIONS OF ANY KIND, either express or implied.
See the License for the specific language governing permissions and
limitations under the License.
-->
<configurator>
  <domain name="CHIP"/>
  <cluster>
    <name>Pump Configuration and Control</name>
    <domain>HVAC</domain>
    <description>An interface for configuring and controlling pumps.</description>
    <code>0x0200</code>
    <define>PUMP_CONFIG_CONTROL_CLUSTER</define>
    <client tick="false" init="false">true</client>
    <server tick="false" tickFrequency="half" init="false">true</server>
    <attribute side="server" code="0x0000" define="MAX_PRESSURE" type="INT16S" min="0x0000" max="0xFFFF" writable="false" optional="false">max pressure</attribute>
    <attribute side="server" code="0x0001" define="MAX_SPEED" type="INT16U" min="0x0000" max="0xFFFF" writable="false" optional="false">max speed</attribute>
    <attribute side="server" code="0x0002" define="MAX_FLOW" type="INT16U" min="0x0000" max="0xFFFF" writable="false" optional="false">max flow</attribute>
    <attribute side="server" code="0x0003" define="MIN_CONST_PRESSURE" type="INT16S" min="0x0000" max="0xFFFF" writable="false" optional="true">min const pressure</attribute>
    <attribute side="server" code="0x0004" define="MAX_CONST_PRESSURE" type="INT16S" min="0x0000" max="0xFFFF" writable="false" optional="true">max const pressure</attribute>
    <attribute side="server" code="0x0005" define="MIN_COMP_PRESSURE" type="INT16S" min="0x0000" max="0xFFFF" writable="false" optional="true">min comp pressure</attribute>
    <attribute side="server" code="0x0006" define="MAX_COMP_PRESSURE" type="INT16S" min="0x0000" max="0xFFFF" writable="false" optional="true">max comp pressure</attribute>
    <attribute side="server" code="0x0007" define="MIN_CONST_SPEED" type="INT16U" min="0x0000" max="0xFFFF" writable="false" optional="true">min const speed</attribute>
    <attribute side="server" code="0x0008" define="MAX_CONST_SPEED" type="INT16U" min="0x0000" max="0xFFFF" writable="false" optional="true">max const speed</attribute>
    <attribute side="server" code="0x0009" define="MIN_CONST_FLOW" type="INT16U" min="0x0000" max="0xFFFF" writable="false" optional="true">min const flow</attribute>
    <attribute side="server" code="0x000A" define="MAX_CONST_FLOW" type="INT16U" min="0x0000" max="0xFFFF" writable="false" optional="true">max const flow</attribute>
    <attribute side="server" code="0x000B" define="MIN_CONST_TEMP" type="INT16S" min="0x0000" max="0xFFFF" writable="false" optional="true">min const temp</attribute>
    <attribute side="server" code="0x000C" define="MAX_CONST_TEMP" type="INT16S" min="0x0000" max="0x7FFF" writable="false" optional="true">max const temp</attribute>
    <attribute side="server" code="0x0010" define="PUMP_STATUS" type="BITMAP16" writable="false" reportable="true" optional="true">pump status</attribute>
    <attribute side="server" code="0x0011" define="EFFECTIVE_OPERATION_MODE" type="ENUM8" min="0x00" max="0xFE" writable="false" optional="false">effective operation mode</attribute>
    <attribute side="server" code="0x0012" define="EFFECTIVE_CONTROL_MODE" type="ENUM8" min="0x00" max="0xFE" writable="false" optional="false">effective control mode</attribute>
    <attribute side="server" code="0x0013" define="CAPACITY" type="INT16S" min="0x0000" max="0x7FFF" writable="false" reportable="true" optional="false">capacity</attribute>
    <attribute side="server" code="0x0014" define="SPEED" type="INT16U" min="0x0000" max="0xFFFE" writable="false" optional="true">speed</attribute>
    <attribute side="server" code="0x0015" define="LIFETIME_RUNNING_HOURS" type="INT24U" min="0x000000" max="0xFFFFFE" writable="true" default="0x000000" optional="true">lifetime running hours</attribute>
    <attribute side="server" code="0x0016" define="PUMP_POWER" type="INT24U" min="0x000000" max="0xFFFFFE" writable="true" optional="true">power</attribute>
    <attribute side="server" code="0x0017" define="LIFETIME_ENERGY_CONSUMED" type="INT32U" min="0x00000000" max="0xFFFFFFFE" writable="false" default="0x00000000" optional="true">lifetime energy consumed</attribute>
    <attribute side="server" code="0x0020" define="OPERATION_MODE" type="ENUM8" min="0x00" max="0xFE" writable="true" default="0x00" optional="false">operation mode</attribute>
    <attribute side="server" code="0x0021" define="CONTROL_MODE" type="ENUM8" min="0x00" max="0xFE" writable="true" default="0x00" optional="true">control mode</attribute>
    <attribute side="server" code="0x0022" define="PUMP_ALARM_MASK" type="BITMAP16" writable="false" optional="true">alarm mask</attribute>
  </cluster>

  <bitmap name="PumpStatus" type="BITMAP16">
    <field name="DeviceFault" mask="0x1"/>
    <field name="Supplyfault" mask="0x2"/>
    <field name="SpeedLow" mask="0x4"/>
    <field name="SpeedHigh" mask="0x8"/>
    <field name="LocalOverride" mask="0x10"/>
    <field name="Running" mask="0x20"/>
    <field name="RemotePressure" mask="0x40"/>
    <field name="RemoteFlow" mask="0x80"/>
    <field name="remoteTemperature" mask="0x100"/>
  </bitmap>

  <enum name="PumpOperationMode" type="ENUM8">
    <item name="Normal" value="0x0"/>
    <item name="Minimum" value="0x1"/>
    <item name="Maximum" value="0x2"/>
    <item name="Local" value="0x3"/>
  </enum>

  <enum name="PumpControlMode" type="ENUM8">
    <item name="ConstantSpeed" value="0x0"/>
    <item name="ConstantPressure" value="0x1"/>
    <item name="ProportionalPressure" value="0x2"/>
    <item name="ConstantFlow" value="0x3"/>
    <item name="ConstantTemperature" value="0x5"/>
    <item name="Automatic" value="0x7"/>
  </enum>

  <bitmap name="PumpAlarmMask" type="BITMAP16">
    <field name="SupplyVoltageLow" mask="0x1"/>
    <field name="SupplyVoltageHigh" mask="0x2"/>
    <field name="PowerMissingPhase" mask="0x4"/>
    <field name="SystemPressureLow" mask="0x8"/>
    <field name="SystemPressureHigh" mask="0x10"/>
    <field name="DryRunning" mask="0x20"/>
    <field name="MotorTemperatureHigh" mask="0x40"/>
    <field name="PumpMotorFatalFailure" mask="0x80"/>
    <field name="ElectronicTemperatureHigh" mask="0x100"/>
    <field name="PumpBlocked" mask="0x200"/>
    <field name="SensorFailure" mask="0x400"/>
    <field name="ElectronicNonFatalFailure" mask="0x800"/>
    <field name="ElectronicFatalFailure" mask="0x1000"/>
    <field name="GeneralFault" mask="0x2000"/>
    <field name="Leakage" mask="0x4000"/>
    <field name="AirDetection" mask="0x8000"/>
    <field name="TurbineOperation" mask="0x10000"/>
  </bitmap>

</configurator>
