<?xml version="1.0"?>
<!--
Copyright (c) 2021 Project CHIP Authors
Licensed under the Apache License, Version 2.0 (the "License");
you may not use this file except in compliance with the License.
You may obtain a copy of the License at
    http://www.apache.org/licenses/LICENSE-2.0
Unless required by applicable law or agreed to in writing, software
distributed under the License is distributed on an "AS IS" BASIS,
WITHOUT WARRANTIES OR CONDITIONS OF ANY KIND, either express or implied.
See the License for the specific language governing permissions and
limitations under the License.
-->
<configurator>
  <domain name="CHIP"/>
  <enum name="NetworkFault" type="ENUM8">
    <item name="Unspecified" value="0x00"/>
    <item name="LinkDown" value="0x01"/>
    <item name="HardwareFailure" value="0x02"/>
    <item name="NetworkJammed" value="0x03"/>
  </enum>
  <enum name="RoutingRole" type="ENUM8">
    <item name="Unspecified" value="0x00"/>
    <item name="Unassigned" value="0x01"/>
    <item name="SleepyEndDevice" value="0x02"/>
    <item name="EndDevice" value="0x03"/>
    <item name="REED" value="0x04"/>
    <item name="Router" value="0x05"/>
    <item name="Leader" value="0x06"/>
  </enum>
  <struct name="NeighborTable">
    <item name="ExtAddress" type="INT64U"/>
    <item name="Age" type="INT32U"/>
    <item name="Rloc16" type="INT16U"/>
    <item name="LinkFrameCounter" type="INT32U"/>
    <item name="MleFrameCounter" type="INT32U"/>
    <item name="LQI" type="INT8U"/>
    <item name="AverageRssi" type="INT8S"/>
    <item name="LastRssi" type="INT8S"/>
    <item name="FrameErrorRate" type="INT8U"/>
    <item name="MessageErrorRate" type="INT8U"/>
    <item name="RxOnWhenIdle" type="BOOLEAN"/>
    <item name="FullThreadDevice" type="BOOLEAN"/>
    <item name="FullNetworkData" type="BOOLEAN"/>
    <item name="IsChild" type="BOOLEAN"/>
  </struct>
  <struct name="RouteTable">
    <item name="ExtAddress" type="INT64U"/>
    <item name="Rloc16" type="INT16U"/>
    <item name="RouterId" type="INT8U"/>
    <item name="NextHop" type="INT8U"/>
    <item name="PathCost" type="INT8U"/>
    <item name="LQIIn" type="INT8U"/>
    <item name="LQIOut" type="INT8U"/>
    <item name="Age" type="INT8U"/>
    <item name="Allocated" type="BOOLEAN"/>
    <item name="LinkEstablished" type="BOOLEAN"/>
  </struct>
  <struct name="SecurityPolicy">
    <item name="RotationTime" type="INT16U"/>
    <item name="Flags" type="INT8U"/>
  </struct>
  <struct name="OperationalDatasetComponents">
    <item name="ActiveTimestampPresent" type="BOOLEAN"/>
    <item name="PendingTimestampPresent" type="BOOLEAN"/>
    <item name="MasterKeyPresent" type="BOOLEAN"/>
    <item name="NetworkNamePresent" type="BOOLEAN"/>
    <item name="ExtendedPanIdPresent" type="BOOLEAN"/>
    <item name="MeshLocalPrefixPresent" type="BOOLEAN"/>
    <item name="DelayPresent" type="BOOLEAN"/>
    <item name="PanIdPresent" type="BOOLEAN"/>
    <item name="ChannelPresent" type="BOOLEAN"/>
    <item name="PskcPresent" type="BOOLEAN"/>
    <item name="SecurityPolicyPresent" type="BOOLEAN"/>
    <item name="ChannelMaskPresent" type="BOOLEAN"/>
  </struct>
  <cluster>
    <domain>General</domain>
    <name>Thread Network Diagnostics</name>
    <code>0x0035</code>
    <define>THREAD_NETWORK_DIAGNOSTICS_CLUSTER</define>
    <description>The Thread Network Diagnostics Cluster provides a means to acquire standardized diagnostics metrics that MAY be used by a Node to assist a user or Administrative Node in diagnosing potential problems</description>
    <attribute side="server" code="0x00" define="CHANNEL" type="INT8U" min="0x00" max="0xFF" writable="false" optional="false">channel</attribute>
    <attribute side="server" code="0x01" define="ROUTING_ROLE" type="ENUM8" writable="false" optional="false">RoutingRole</attribute>
    <attribute side="server" code="0x02" define="NETWORK_NAME" type="OCTET_STRING" length="16" writable="false" default="0" optional="false">NetworkName</attribute>
    <attribute side="server" code="0x03" define="DIAG_PAN_ID" type="INT16U" min="0x0000" max="0xFFFF" writable="false" default="0x0000" optional="false">PanId</attribute>
    <attribute side="server" code="0x04" define="DIAG_EXTENDED_PAN_ID" type="INT64U" min="0x0000000000000000" max="0xFFFFFFFFFFFFFFFF" writable="false" default="0x0000000000000000" optional="false">ExtendedPanId</attribute>
    <!-- MESH_LOCAL_PREFIX See ipv6pre in the sepc for the String encoding -->
    <attribute side="server" code="0x05" define="MESH_LOCAL_PREFIX" type="OCTET_STRING" length="17" writable="false" optional="false">MeshLocalPrefix</attribute>
    <!-- OVERRUN_COUNT Conformance feature [ERRCNT] - for now mandatory -->
    <attribute side="server" code="0x06" define="DIAG_OVERRUN_COUNT" type="INT64U" min="0x0000000000000000" max="0xFFFFFFFFFFFFFFFF" writable="false" default="0x0000000000000000" optional="false">OverrunCount</attribute>
    <attribute side="server" code="0x07" define="NEIGHBOR_TABLE" type="ARRAY" entryType="NeighborTable" length="254" writable="false" optional="false">NeighborTableList</attribute>
    <attribute side="server" code="0x08" define="ROUTE_TABLE" type="ARRAY" entryType="RouteTable" length="254" writable="false" optional="false">RouteTableList</attribute>
    <attribute side="server" code="0x09" define="PARTITION_ID" type="INT32U" min="0x00000000" max="0xFFFFFFFF" writable="false" optional="false">PartitionId</attribute>
    <attribute side="server" code="0x0A" define="WEIGHTING" type="INT8U" min="0x00" max="0xFF" writable="false" optional="false">weighting</attribute>
    <attribute side="server" code="0x0B" define="DATA_VERSION" type="INT8U" min="0x00" max="0xFF" writable="false" optional="false">DataVersion</attribute>
    <attribute side="server" code="0x0C" define="STABLE_DATA_VERSION" type="INT8U" min="0x00" max="0xFF" writable="false" optional="false">StableDataVersion</attribute>
    <attribute side="server" code="0x0D" define="LEADER_ROUTER_ID" type="INT8U" min="0x00" max="0xFF" writable="false" optional="false">LeaderRouterId</attribute>
    <!-- From 0x0E to 0x15 Conformance feature[MLECNT] - for now mandatory -->
    <attribute side="server" code="0x0E" define="DETACHED_ROLE_COUNT" type="INT16U" min="0x0000" max="0xFFFF" writable="false" default="0x0000" optional="false">DetachedRoleCount</attribute>
    <attribute side="server" code="0x0F" define="CHILD_ROLE_COUNT" type="INT16U" min="0x0000" max="0xFFFF" writable="false" default="0x0000" optional="false">ChildRoleCount</attribute>
    <attribute side="server" code="0x10" define="ROUTER_ROLE_COUNT" type="INT16U" min="0x0000" max="0xFFFF" writable="false" default="0x0000" optional="false">RouterRoleCount</attribute>
    <attribute side="server" code="0x11" define="LEADER_ROLE_COUNT" type="INT16U" min="0x0000" max="0xFFFF" writable="false" default="0x0000" optional="false">LeaderRoleCount</attribute>
    <attribute side="server" code="0x12" define="ATTACH_ATTEMPT_COUNT" type="INT16U" min="0x0000" max="0xFFFF" writable="false" default="0x0000" optional="false">AttachAttemptCount</attribute>
    <attribute side="server" code="0x13" define="PARTITION_ID_CHANGE_COUNT" type="INT16U" min="0x0000" max="0xFFFF" writable="false" default="0x0000" optional="false">PartitionIdChangeCount</attribute>
    <attribute side="server" code="0x14" define="BETTER_PARTITION_ATTACH_ATTEMPT_COUNT" type="INT16U" min="0x0000" max="0xFFFF" writable="false" default="0x0000" optional="false">BetterPartitionAttachAttemptCount</attribute>
    <attribute side="server" code="0x15" define="PARENT_CHANGE_COUNT" type="INT16U" min="0x0000" max="0xFFFF" writable="false" default="0x0000" optional="false">ParentChangeCount</attribute>
    <!-- From 0x16 to 0x37 Conformance [MACCNT] - for now mandatory -->
    <attribute side="server" code="0x16" define="TX_TOTAL_COUNT" type="INT32U" min="0x00000000" max="0xFFFFFFFF" writable="false" default="0x0000" optional="false">TxTotalCount</attribute>
    <attribute side="server" code="0x17" define="TX_UNICAST_COUNT" type="INT32U" min="0x00000000" max="0xFFFFFFFF" writable="false" default="0x0000" optional="false">TxUnicastCount</attribute>
    <attribute side="server" code="0x18" define="TX_BROADCAST_COUNT" type="INT32U" min="0x00000000" max="0xFFFFFFFF" writable="false" default="0x0000" optional="false">TxBroadcastCount</attribute>
    <attribute side="server" code="0x19" define="TX_ACK_REQUESTED_COUNT" type="INT32U" min="0x00000000" max="0xFFFFFFFF" writable="false" default="0x0000" optional="false">TxAckRequestedCount</attribute>
    <attribute side="server" code="0x1A" define="TX_ACKED_COUNT" type="INT32U" min="0x00000000" max="0xFFFFFFFF" writable="false" default="0x0000" optional="false">TxAckedCount</attribute>
    <attribute side="server" code="0x1B" define="TX_NO_ACK_REQUESTED_COUNT" type="INT32U" min="0x00000000" max="0xFFFFFFFF" writable="false" default="0x0000" optional="false">TxNoAckRequestedCount</attribute>
    <attribute side="server" code="0x1C" define="TX_DATA_COUNT" type="INT32U" min="0x00000000" max="0xFFFFFFFF" writable="false" default="0x0000" optional="false">TxDataCount</attribute>
    <attribute side="server" code="0x1D" define="TX_DATA_POLL_COUNT" type="INT32U" min="0x00000000" max="0xFFFFFFFF" writable="false" default="0x0000" optional="false">TxDataPollCount</attribute>
    <attribute side="server" code="0x1E" define="TX_BEACON_COUNT" type="INT32U" min="0x00000000" max="0xFFFFFFFF" writable="false" default="0x0000" optional="false">TxBeaconCount</attribute>
    <attribute side="server" code="0x1F" define="TX_BEACON_REQUEST_COUNT" type="INT32U" min="0x00000000" max="0xFFFFFFFF" writable="false" default="0x0000" optional="false">TxBeaconRequestCount</attribute>
    <attribute side="server" code="0x20" define="TX_OTHER_COUNT" type="INT32U" min="0x00000000" max="0xFFFFFFFF" writable="false" default="0x0000" optional="false">TxOtherCount</attribute>
    <attribute side="server" code="0x21" define="TX_RETRY_COUNT" type="INT32U" min="0x00000000" max="0xFFFFFFFF" writable="false" default="0x0000" optional="false">TxRetryCount</attribute>
    <attribute side="server" code="0x22" define="TX_DIRECT_MAX_RETRY_EXPIRY_COUNT" type="INT32U" min="0x00000000" max="0xFFFFFFFF" writable="false" default="0x0000" optional="false">TxDirectMaxRetryExpiryCount</attribute>
    <attribute side="server" code="0x23" define="TX_INDIRECT_MAX_RETRY_EXPIRY_COUNT" type="INT32U" min="0x00000000" max="0xFFFFFFFF" writable="false" default="0x0000" optional="false">TxIndirectMaxRetryExpiryCount</attribute>
    <attribute side="server" code="0x24" define="TX_ERR_CCA_COUNT" type="INT32U" min="0x00000000" max="0xFFFFFFFF" writable="false" default="0x0000" optional="false">TxErrCcaCount</attribute>
    <attribute side="server" code="0x25" define="TX_ERR_ABORT_COUNT" type="INT32U" min="0x00000000" max="0xFFFFFFFF" writable="false" default="0x0000" optional="false">TxErrAbortCount</attribute>
    <attribute side="server" code="0x26" define="TX_ERR_BUSY_CHANNEL_COUNT" type="INT32U" min="0x00000000" max="0xFFFFFFFF" writable="false" default="0x0000" optional="false">TxErrBusyChannelCount</attribute>
    <attribute side="server" code="0x27" define="RX_TOTAL_COUNT" type="INT32U" min="0x00000000" max="0xFFFFFFFF" writable="false" default="0x0000" optional="false">RxTotalCount</attribute>
    <attribute side="server" code="0x28" define="RX_UNICAST_COUNT" type="INT32U" min="0x00000000" max="0xFFFFFFFF" writable="false" default="0x0000" optional="false">RxUnicastCount</attribute>
    <attribute side="server" code="0x29" define="RX_BROADCAST_COUNT" type="INT32U" min="0x00000000" max="0xFFFFFFFF" writable="false" default="0x0000" optional="false">RxBroadcastCount</attribute>
    <attribute side="server" code="0x2A" define="RX_DATA_COUNT" type="INT32U" min="0x00000000" max="0xFFFFFFFF" writable="false" default="0x0000" optional="false">RxDataCount</attribute>
    <attribute side="server" code="0x2B" define="RX_DATA_POLL_COUNT" type="INT32U" min="0x00000000" max="0xFFFFFFFF" writable="false" default="0x0000" optional="false">RxDataPollCount</attribute>
    <attribute side="server" code="0x2C" define="RX_BEACON_COUNT" type="INT32U" min="0x00000000" max="0xFFFFFFFF" writable="false" default="0x0000" optional="false">RxBeaconCount</attribute>
    <attribute side="server" code="0x2D" define="RX_BEACON_REQUEST_COUNT" type="INT32U" min="0x00000000" max="0xFFFFFFFF" writable="false" default="0x0000" optional="false">RxBeaconRequestCount</attribute>
    <attribute side="server" code="0x2E" define="RX_OTHER_COUNT" type="INT32U" min="0x00000000" max="0xFFFFFFFF" writable="false" default="0x0000" optional="false">RxOtherCount</attribute>
    <attribute side="server" code="0x2F" define="RX_ADDRESS_FILTERED_COUNT" type="INT32U" min="0x00000000" max="0xFFFFFFFF" writable="false" default="0x0000" optional="false">RxAddressFilteredCount</attribute>
    <attribute side="server" code="0x30" define="RX_DESTADDR_FILTERED_COUNT" type="INT32U" min="0x00000000" max="0xFFFFFFFF" writable="false" default="0x0000" optional="false">RxDestAddrFilteredCount</attribute>
    <attribute side="server" code="0x31" define="RX_DUPLICATED_COUNT" type="INT32U" min="0x00000000" max="0xFFFFFFFF" writable="false" default="0x0000" optional="false">RxDuplicatedCount</attribute>
    <attribute side="server" code="0x32" define="RX_ERR_NO_FRAME_COUNT" type="INT32U" min="0x00000000" max="0xFFFFFFFF" writable="false" default="0x0000" optional="false">RxErrNoFrameCount</attribute>
    <attribute side="server" code="0x33" define="RX_ERR_UNKNOWN_NEIGHBOR_COUNT" type="INT32U" min="0x00000000" max="0xFFFFFFFF" writable="false" default="0x0000" optional="false">RxErrUnknownNeighborCount</attribute>
    <attribute side="server" code="0x34" define="RX_ERR_INVALID_SRC_ADDR_COUNT" type="INT32U" min="0x00000000" max="0xFFFFFFFF" writable="false" default="0x0000" optional="false">RxErrInvalidSrcAddrCount</attribute>
    <attribute side="server" code="0x35" define="RX_ERR_SEC_COUNT" type="INT32U" min="0x00000000" max="0xFFFFFFFF" writable="false" default="0x0000" optional="false">RxErrSecCount</attribute>
    <attribute side="server" code="0x36" define="RX_ERR_FCS_COUNT" type="INT32U" min="0x00000000" max="0xFFFFFFFF" writable="false" default="0x0000" optional="false">RxErrFcsCount</attribute>
    <attribute side="server" code="0x37" define="RX_ERR_OTHER_COUNT" type="INT32U" min="0x00000000" max="0xFFFFFFFF" writable="false" default="0x0000" optional="false">RxErrOtherCount</attribute>
    <attribute side="server" code="0x38" define="ACTIVE_TIMESTAMP" type="INT64U" min="0x0000000000000000" max="0xFFFFFFFFFFFFFFFF" writable="false" default="0x0000000000000000" optional="true">ActiveTimestamp</attribute>
    <attribute side="server" code="0x39" define="PENDING_TIMESTAMP" type="INT64U" min="0x0000000000000000" max="0xFFFFFFFFFFFFFFFF" writable="false" default="0x0000000000000000" optional="true">PendingTimestamp</attribute>
    <attribute side="server" code="0x3A" define="DELAY" type="INT32U" min="0x00000000" max="0xFFFFFFFF" writable="false" default="0x0000" optional="true">delay</attribute>
    <!--TODO Attribute with struct as type is not currently supported. See attr 0x3B - SECURITY_POLICY and 0x3D OPERATIONAL_DATASET_COMPONENTS -->
    <!-- SECURITY_POLICY Length = 2 + (arraysize(1) * Size of Struct (3b))-->
    <attribute side="server" code="0x3B" define="SECURITY_POLICY" type="ARRAY" entryType="SecurityPolicy" length="5" writable="false" optional="false">SecurityPolicy</attribute>
    <attribute side="server" code="0x3C" define="DIAG_CHANNEL_MASK" type="INT8U" min="0x00" max="0xFF" writable="false" default="0x0000" optional="false">ChannelMask</attribute>
    <!-- Attribute with struct as type is not currently supported -->
    <!-- OPERATIONAL_DATASET_COMPONENTS Length = 2 + (arraysize(1) * Size of Struct (12b))-->
    <attribute side="server" code="0x3D" define="OPERATIONAL_DATASET_COMPONENTS" type="ARRAY" entryType="OperationalDatasetComponents" length="14" writable="false" optional="false">OperationalDatasetComponents</attribute>
    <attribute side="server" code="0x3E" define="ACTIVE_THREAD_NETWORK_FAULTS" type="ARRAY" entryType="NetworkFault" length="4" writable="false" optional="false">ActiveNetworkFaultsList</attribute>
    <command source="client" code="0x00" name="ResetCounts" optional="true" cli="chip thread_network_diagnostics resetcounts">
      <description>Reception of this command SHALL reset the OverrunCount attributes to 0</description>
    </command>           
  </cluster>
</configurator>