<?xml version="1.0"?>
<!--
Copyright (c) 2021 Project CHIP Authors

Licensed under the Apache License, Version 2.0 (the "License");
you may not use this file except in compliance with the License.
You may obtain a copy of the License at

    http://www.apache.org/licenses/LICENSE-2.0

Unless required by applicable law or agreed to in writing, software
distributed under the License is distributed on an "AS IS" BASIS,
WITHOUT WARRANTIES OR CONDITIONS OF ANY KIND, either express or implied.
See the License for the specific language governing permissions and
limitations under the License.
-->
<configurator>
  <domain name="CHIP"/>
  <cluster>
    <domain>Media</domain>
    <name>TV Channel</name>
    <code>0x0504</code>
    <define>TV_CHANNEL_CLUSTER</define>
    <client init="false" tick="false">true</client>
    <server init="false" tick="false">true</server>
    <!-- TODO: Add feature map once it is supported -->
    <description>This cluster provides an interface for controlling the current TV Channel on a device.</description>
    <attribute side="server" code="0x0000" define="TV_CHANNEL_LIST" type="ARRAY" entryType="TvChannelInfo" length="254" writable="false" optional="false">tv channel list</attribute>
    <!-- TODO: Covert this to stuct one it is supported -->
    <attribute side="server" code="0x0001" define="TV_CHANNEL_LINEUP" type="OCTET_STRING" length="32" writable="false" optional="false">tv channel lineup</attribute>
    <!-- TODO: Covert this to stuct one it is supported -->
    <attribute side="server" code="0x0002" define="TV_CHANNEL_CURRENT_CHANNEL" type="OCTET_STRING" length="32" writable="false" optional="false">current tv channel</attribute>

    <command source="client" code="0x00" name="ChangeChannel" optional="false">
      <description>Change the channel on the TV to the channel case-insensitive exact matching the value passed as an argument. </description>
      <arg name="match" type="CHAR_STRING"/>
    </command>

    <command source="client" code="0x01" name="ChangeChannelByNumber" optional="false">
      <description>Change the channel on the TV to the channel with the given Number in the ChannelList attribute.</description>
      <arg name="majorNumber" type="INT16U"/>
      <arg name="minorNumber" type="INT16U"/>
    </command>

    <command source="client" code="0x02" name="SkipChannel" optional="false">
      <description>This command provides channel up and channel down functionality, but allows channel index jumps of size Count. When the value of the increase or decrease is larger than the number of channels remaining in the given direction, then the behavior SHALL be to return to the beginning (or end) of the channel list and continue. For example, if the current channel is at index 0 and count value of -1 is given, then the current channel should change to the last channel.</description>
      <arg name="Count" type="INT16U"/>
    </command>

    <command source="server" code="0x00" name="ChangeChannelResponse" optional="false">
      <description>Upon receipt, this SHALL display the active status of the input list on screen.</description>
      <arg name="ChannelMatch" type="TvChannelInfo" array="true"/>
      <arg name="ErrorType" type="TvChannelErrorType"/>
    </command>

  </cluster>

  <struct name="TvChannelInfo">
    <item name="majorNumber" type="INT16U"/>
    <item name="minorNumber" type="INT16U"/>
    <item name="name" type="OCTET_STRING" length="32"/> <!-- Change this to CHAR_STRING once it is supported #6112 -->
    <item name="callSign" type="OCTET_STRING" length="32"/> <!-- Change this to CHAR_STRING once it is supported #6112 -->
    <item name="affiliateCallSign" type="OCTET_STRING" length="32"/> <!-- Change this to CHAR_STRING once it is supported #6112 -->
  </struct>

  <struct name="TvChannelLineupInfo">
    <item name="operatorName" type="CHAR_STRING"/>
    <item name="lineupName" type="CHAR_STRING"/>
    <item name="postalCode" type="CHAR_STRING"/>
    <item name="lineupInfoType" type="TvChannelLineupInfoType"/>
  </struct>

  <enum name="TvChannelLineupInfoType" type="ENUM8">
    <item name="Mso" value="0x00"/>
  </enum>

  <enum name="TvChannelErrorType" type="ENUM8">
    <item name="MultipleMatches" value="0x00"/>
    <item name="NoMatches" value="0x01"/>
  </enum>

</configurator>