<?xml version="1.0"?>
<!--
Copyright (c) 2020 Project CHIP Authors

Licensed under the Apache License, Version 2.0 (the "License");
you may not use this file except in compliance with the License.
You may obtain a copy of the License at

    http://www.apache.org/licenses/LICENSE-2.0

Unless required by applicable law or agreed to in writing, software
distributed under the License is distributed on an "AS IS" BASIS,
WITHOUT WARRANTIES OR CONDITIONS OF ANY KIND, either express or implied.
See the License for the specific language governing permissions and
limitations under the License.
-->
<configurator>
  <deviceType>
    <name>Speaker</name>
    <domain>CHIP</domain>
    <typeName>Speaker</typeName>
    <profileId editable="false">0x0999</profileId>
    <deviceId editable="false">0x0022</deviceId>
  </deviceType> 
  <deviceType>
    <name>Video Player</name>
    <domain>CHIP</domain>
    <typeName>Video Player</typeName>
    <profileId editable="false">0x0999</profileId>
    <deviceId editable="false">0x0023</deviceId>
  </deviceType> 
  <deviceType>
    <name>Content Application</name>
    <domain>CHIP</domain>
    <typeName>Content Application</typeName>
    <profileId editable="false">0x0999</profileId>
    <deviceId editable="false">0x0024</deviceId>
  </deviceType> 
</configurator>
