<?xml version="1.0"?>
<!--
Copyright (c) 2008,2020 Silicon Labs.

Licensed under the Apache License, Version 2.0 (the "License");
you may not use this file except in compliance with the License.
You may obtain a copy of the License at

    http://www.apache.org/licenses/LICENSE-2.0

Unless required by applicable law or agreed to in writing, software
distributed under the License is distributed on an "AS IS" BASIS,
WITHOUT WARRANTIES OR CONDITIONS OF ANY KIND, either express or implied.
See the License for the specific language governing permissions and
limitations under the License.
-->
<configurator>
  <domain name="SE" spec="se-1.4-17-05019-001" dependsOn="zcl-1.0-07-5123-04" certifiable="false">
    <!-- Whenever you upgrade to a new spec, make sure you move current spec into older spec section, so that version specific info will still be valid. -->
    <older spec="se-1.2b-15-0131-02" dependsOn="zcl-1.0-07-5123-04" certifiable="false"/>
    <older spec="se-1.2a-07-5356-19" dependsOn="zcl-1.0-07-5123-04" certifiable="true"/>
    <older spec="se-1.1b-07-5356-18" dependsOn="zcl-1.0-07-5123-04" certifiable="true"/>
    <older spec="se-1.1a-07-5356-17" dependsOn="zcl-1.0-07-5123-03" certifiable="true"/>
    <older spec="se-1.1-07-5356-16" dependsOn="zcl-1.0-07-5123-03" certifiable="true"/>
    <older spec="se-1.0-07-5356-15" dependsOn="zcl-1.0-07-5123-03" certifiable="true"/>
  </domain>
 <!-- Messaging Cluster - Structs, BITMAPs & ENUMs -->
   <bitmap name="MessagingControlMask" type="BITMAP8">
     <field name="transMechanism" mask="0x03"/>
     <field name="messageUrgency" mask="0x0C"/>
     <field name="enhancedConfirmationRequest" mask="0x20"/>
     <field name="messageConfirmation" mask="0x80"/>
   </bitmap>
   <enum name="MessagingControlTransmission" type="ENUM8">
     <item name="normal" value="0x00"/>
     <item name="normalAndAnonymous" value="0x01"/>
     <item name="anonymous" value="0x02"/>
     <item name="reserved" value="0x03"/>
   </enum>
   <enum name="MessagingControlImportance" type="ENUM8">
     <item name="low" value="0x00"/>
     <item name="medium" value="0x04"/>
     <item name="high" value="0x08"/>
     <item name="critical" value="0x0C"/>
   </enum>
   <enum name="MessagingControlEnhancedConfirmation" type="ENUM8">
     <item name="notRequired" value="0x00"/>
     <item name="required" value="0x20"/>
   </enum>
   <enum name="MessagingControlConfirmation" type="ENUM8">
     <item name="notRequired" value="0x00"/>
     <item name="required" value="0x80"/>
   </enum>
   <bitmap name="MessagingExtendedControlMask" type="BITMAP8">
     <field name="messageConfirmationStatus" mask="0x01"/>
   </bitmap>
   <bitmap name="MessagingConfirmationControl" type="BITMAP8">
     <field name="NoReturned" mask="0x01"/>
     <field name="YesReturned" mask="0x02"/>
   </bitmap>
  <!-- Messaging Cluster -->
  <cluster>
    <name>Messaging</name>
    <domain>SE</domain>
    <description>This cluster provides an interface for passing text messages between SE devices.</description>
    <code>0x0703</code>
    <define>MESSAGING_CLUSTER</define>
    <client tick="false" init="false">true</client>
    <server tick="false" init="false">true</server>
    <globalAttribute side="either" code="0xFFFD" value="2"/>
    <!-- Messaging Cluster Server - Attributes -->
    <!-- Messaging Cluster Client - Attributes -->
    <!-- Messaging Cluster Server - Commands -->
    <command source="server" code="0x00" name="DisplayMessage" optional="false" cli="zcl msg disp">
      <description>
        Command description for DisplayMessage
      </description>
      <arg name="messageId" type="INT32U"/>
      <arg name="messageControl" type="MessagingControlMask"/>
      <arg name="startTime" type="UTC"/>
      <arg name="durationInMinutes" type="INT16U"/>
      <arg name="message" type="CHAR_STRING"/>
      <arg name="optionalExtendedMessageControl" type="MessagingExtendedControlMask" introducedIn="se-1.2a-07-5356-19" default="0x00"/>
    </command>
    <command source="server" code="0x01" name="CancelMessage" optional="false" cli="zcl msg cancel">
      <description>
        The CancelMessage command provides the ability to cancel the sending or acceptance of previously sent messages.
      </description>
      <arg name="messageId" type="INT32U"/>
      <arg name="messageControl" type="MessagingControlMask"/>
    </command>
    <command source="server" code="0x02" name="DisplayProtectedMessage" optional="true" introducedIn="se-1.2a-07-5356-19" cli="zcl msg disp-protd">
      <description>
        The DisplayProtected Message command is for use with messages that are protected by a password or PIN.
      </description>
      <arg name="messageId" type="INT32U"/>
      <arg name="messageControl" type="MessagingControlMask"/>
      <arg name="startTime" type="UTC"/>
      <arg name="durationInMinutes" type="INT16U"/>
      <arg name="message" type="CHAR_STRING"/>
      <arg name="optionalExtendedMessageControl" type="MessagingExtendedControlMask"/>
    </command>
    <command source="server" code="0x03" name="CancelAllMessages" optional="true" introducedIn="se-1.2a-07-5356-19" cli="zcl msg x-all">
      <description>
        The CancelAllMessages command indicates to a client device that it should cancel all display messages currently held by it.
      </description>
      <arg name="implementationDateTime" type="UTC"/>
    </command>
    <!-- Messaging Cluster Client - Commands -->
    <command source="client" code="0x00" name="GetLastMessage" optional="false" cli="zcl msg get">
      <description>
        Command description for GetLastMessage
      </description>
    </command>
    <command source="client" code="0x01" name="MessageConfirmation" optional="false" cli="zcl msg confirm">
      <description>
        The Message Confirmation command provides an indication that a Utility Customer has acknowledged and/or accepted the contents of a previously sent message.  Enhanced Message Confirmation commands shall contain an answer of 'NO', 'YES' and/or a message confirmation string.
      </description>
      <arg name="messageId" type="INT32U"/>
      <arg name="confirmationTime" type="UTC"/>
      <arg name="messageConfirmationControl" type="BITMAP8" introducedIn="se-1.2a-07-5356-19"/>
      <arg name="messageResponse" type="OCTET_STRING" introducedIn="se-1.2a-07-5356-19"/>
    </command>
    <command source="client" code="0x02" name="GetMessageCancellation" optional="true" introducedIn="se-1.2a-07-5356-19" cli="zcl msg get-msg-x">
      <description>
        This command initiates the return of the first (and maybe only) Cancel All Messages command held on the associated server, and which has an implementation time equal to or later than the value indicated in the payload.
      </description>
      <arg name="earliestImplementationTime" type="UTC"/>
    </command>
  </cluster>
  <!-- SE extension to the Alarms cluster. -->
  <enum name="EventId" type="ENUM8">
    <item value="0x00" name="MeterCoverRemoved"/>
    <item value="0x01" name="MeterCoverClosed"/>
    <item value="0x02" name="StrongMagneticField"/>
    <item value="0x03" name="NoStrongMagneticField"/>
    <item value="0x04" name="BatteryFailure"/>
    <item value="0x05" name="LowBattery"/>
    <item value="0x06" name="ProgramMemoryError"/>
    <item value="0x07" name="RamError"/>
    <item value="0x08" name="NvMemoryError"/>
    <item value="0x09" name="MeasurementSystemError"/>
    <item value="0x0A" name="WatchdogError"/>
    <item value="0x0B" name="SupplyDisconnectFailure"/>
    <item value="0x0C" name="SupplyConnectFailure"/>
    <item value="0x0D" name="MeasurmentSoftwareChanged"/>
    <item value="0x0E" name="DstEnabled"/>
    <item value="0x0F" name="DstDisabled"/>
    <item value="0x10" name="ClockAdjBackward"/>
    <item value="0x11" name="ClockAdjForward"/>
    <item value="0x12" name="ClockInvalid"/>
    <item value="0x13" name="CommsErrorHan"/>
    <item value="0x14" name="CommsOkHan"/>
    <item value="0x15" name="FraudAttempt"/>
    <item value="0x16" name="PowerLoss"/>
    <item value="0x17" name="IncorrectProtocol"/>
    <item value="0x18" name="UnusualHanTraffic"/>
    <item value="0x19" name="UnexpectedClockChange"/>
    <item value="0x1A" name="CommsUsingUnauthenticatedComponent"/>
    <item value="0x1B" name="ErrorRegClear"/>
    <item value="0x1C" name="AlarmRegClear"/>
    <item value="0x1D" name="UnexpectedHwReset"/>
    <item value="0x1E" name="UnexpectedProgramExecution"/>
    <item value="0x1F" name="EventLogCleared"/>
    <item value="0x20" name="ManualDisconnect"/>
    <item value="0x21" name="ManualConnect"/>
    <item value="0x22" name="RemoteDisconnection"/>
    <item value="0x23" name="LocalDisconnection"/>
    <item value="0x24" name="LimitThresholdExceeded"/>
    <item value="0x25" name="LimitThresholdOk"/>
    <item value="0x26" name="LimitThresholdChanged"/>
    <item value="0x27" name="MaximumDemandExceeded"/>
    <item value="0x28" name="ProfileCleared"/>
    <item value="0x29" name="FirmwareReadyForActivation"/>
    <item value="0x2A" name="FirmwareActivated"/>
    <item value="0x2B" name="PatchFailure"/>
    <item value="0x2C" name="TouTariffActivation"/>
    <item value="0x2D" name="8x8Tariffactivated"/>
    <item value="0x2E" name="SingleTariffRateActivated"/>
    <item value="0x2F" name="AsynchronousBillingOccurred"/>
    <item value="0x30" name="SynchronousBillingOccurred"/>
    <item value="0x80" name="IncorrectPolarity"/>
    <item value="0x81" name="CurrentNoVoltage"/>
    <item value="0x82" name="UnderVoltage"/>
    <item value="0x83" name="OverVoltage"/>
    <item value="0x84" name="NormalVoltage"/>
    <item value="0x85" name="PfBelowThreshold"/>
    <item value="0x86" name="PfAboveThreshold"/>
    <item value="0x87" name="TerminalCoverRemoved"/>
    <item value="0x88" name="TerminalCoverClosed"/>
    <item value="0xA0" name="ReverseFlow"/>
    <item value="0xA1" name="TiltTamper"/>
    <item value="0xA2" name="BatteryCoverRemoved"/>
    <item value="0xA3" name="BatteryCoverClosed"/>
    <item value="0xA4" name="ExcessFlow"/>
    <item value="0xC0" name="CreditOk"/>
    <item value="0xC1" name="LowCredit"/>
    <item value="0xC0" name="EmergencyCreditInUse"/>
    <item value="0xC1" name="EmergencyCreditExhausted"/>
    <item value="0xC2" name="ZeroCreditEcNotSelected"/>
    <item value="0xC3" name="SupplyOn"/>
    <item value="0xC4" name="SupplyOffAarmed"/>
    <item value="0xC5" name="SupplyOff"/>
    <item value="0xC6" name="DiscountApplied"/>
    <item value="0xE0" name="ManufacturerSpecificA"/>
    <item value="0xE1" name="ManufacturerSpecificB"/>
    <item value="0xE2" name="ManufacturerSpecificC"/>
    <item value="0xE3" name="ManufacturerSpecificD"/>
    <item value="0xE4" name="ManufacturerSpecificE"/>
    <item value="0xE5" name="ManufacturerSpecificF"/>
    <item value="0xE6" name="ManufacturerSpecificG"/>
    <item value="0xE7" name="ManufacturerSpecificH"/>
    <item value="0xE8" name="ManufacturerSpecificI"/>
  </enum>
</configurator>
