{
    "name": "CHIP Application templates",
    "version": "chip-v1",
    "helpers": [
        "partials/helper.js",
        "common/ListHelper.js",
        "common/StringHelper.js",
        "templates/app/helper.js",
        "templates/chip/helper.js"
    ],
    "override": "common/override.js",
    "partials": [
        {
            "name": "header",
            "path": "partials/header.zapt"
        },
        {
            "name": "clusters_header",
            "path": "partials/clusters_header.zapt"
        },
        {
            "name": "cluster_header",
            "path": "partials/cluster_header.zapt"
        },
        {
            "name": "im_command_handler_cluster_commands",
            "path": "partials/im_command_handler_cluster_commands.zapt"
        }
    ],
    "templates": [
        {
            "path": "templates/app/attribute-size-src.zapt",
            "name": "ZCL attribute-size",
            "output": "attribute-size.cpp"
        },
        {
            "path": "templates/app/callback-stub-src.zapt",
            "name": "ZCL callback-stub source",
            "output": "callback-stub.cpp"
        },
        {
            "path": "templates/app/chip-zcl-zpro-codec-api.zapt",
            "name": "CHIP ZCL API Header",
            "output": "chip-zcl-zpro-codec-api.h"
        },
        {
            "path": "templates/app/encoder-src.zapt",
            "name": "CHIP ZCL API",
            "output": "encoder.cpp"
        },
        {
            "path": "templates/app/endpoint_config.zapt",
            "name": "ZCL endpoint configuration",
            "output": "endpoint_config.h"
        },
        {
            "path": "templates/app/gen_config.zapt",
            "name": "ZCL gen_config header",
            "output": "gen_config.h"
        },
        {
            "path": "templates/app/gen_tokens.zapt",
            "name": "ZCL gen_tokens header",
            "output": "gen_tokens.h"
        },
        {
            "path": "templates/app/CHIPClientCallbacks.zapt",
            "name": "CHIP Client Callbacks header",
            "output": "CHIPClientCallbacks.h"
        },
        {
            "path": "templates/app/CHIPClientCallbacks-src.zapt",
            "name": "CHIP Client Callbacks",
            "output": "CHIPClientCallbacks.cpp"
        },
        {
            "path": "templates/app/im-cluster-command-handler.zapt",
            "name": "CHIP Client Callbacks for Interaction Model",
            "output": "IMClusterCommandHandler.cpp"
        },
        {
            "path": "templates/app/CHIPClusters.zapt",
            "name": "C++ ZCL API Header",
            "output": "CHIPClusters.h"
        },
        {
            "path": "templates/app/CHIPClusters-src.zapt",
            "name": "C++ ZCL API",
            "output": "CHIPClusters.cpp"
        }
    ]
}
