{
    "version": "ZCL Test Data",
    "xmlRoot": [".", "./data-model/chip/", "./data-model/silabs/"],
    "xmlFile": [
        "account-login-cluster.xml",
        "application-basic-cluster.xml",
        "application-launcher-cluster.xml",
        "audio-output-cluster.xml",
        "basic-information-cluster.xml",
        "binding-cluster.xml",
        "bridged-device-basic.xml",
        "chip-devices.xml",
        "chip-ota.xml",
        "chip-types.xml",
        "clusters-extensions.xml",
        "commissioning.xml",
        "content-launch-cluster.xml",
        "descriptor-cluster.xml",
        "diagnostic-logs-cluster.xml",
        "ethernet-network-diagnostics-cluster.xml",
        "fixed-label-cluster.xml",
        "flow-measurement-cluster.xml",
        "general-commissioning-cluster.xml",
        "general-diagnostics-cluster.xml",
        "group-key-mgmt-cluster.xml",
        "keypad-input-cluster.xml",
        "low-power-cluster.xml",
        "media-input-cluster.xml",
        "media-playback-cluster.xml",
        "operational-credentials-cluster.xml",
        "pump-configuration-and-control-cluster.xml",
        "pump-controller-device.xml",
        "pump-device.xml",
        "relative-humidity-measurement-cluster.xml",
        "software-diagnostics-cluster.xml",
        "switch-cluster.xml",
        "target-navigator-cluster.xml",
        "temperature-measurement-cluster.xml",
        "test-cluster.xml",
        "thread-network-diagnostics-cluster.xml",
        "tv-channel-cluster.xml",
        "tv-device-types.xml",
        "wake-on-lan-cluster.xml",
        "wifi-network-diagnostics-cluster.xml",
        "window-covering.xml",

        "ami.xml",
        "general.xml",
        "ha-devices.xml",
        "ha.xml",
        "lo-devices.xml",
        "sample-extensions.xml",
        "types.xml",
        "zll-devices.xml",
        "zll.xml"
    ],
    "manufacturersXml": "../../../../third_party/zap/repo/zcl-builtin/shared/manufacturers.xml",
    "options": {
        "text": {
            "defaultResponsePolicy": ["Always", "Conditional", "Never"]
        },
        "bool": ["commandDiscovery"]
    },
    "defaults": {
        "text": {
            "manufacturerCodes": "0x1002",
            "defaultResponsePolicy": "always"
        },
        "bool": {
            "commandDiscovery": true
        }
    }
}
